{"cameraMode":{"drawMode":0,"name":"Shaded","section":"Shading Mode"},"sceneLighting":false,"audioPlay":false,"sceneViewState":{"m_AlwaysRefresh":false,"showFog":true,"showSkybox":false,"showFlares":true,"showImageEffects":true,"showParticleSystems":true,"showVisualEffectGraphs":true,"m_FxEnabled":true},"in2DMode":false,"pivot":{"x":-27.370277404785158,"y":11.879228591918946,"z":-0.23618340492248536},"rotation":{"x":-0.13763855397701264,"y":-0.05731704458594322,"z":0.007978351786732674,"w":-0.9887945652008057},"size":55.868194580078128,"orthographic":false}