{"cameraMode":{"drawMode":0,"name":"Shaded","section":"Shading Mode"},"sceneLighting":true,"audioPlay":false,"sceneViewState":{"m_AlwaysRefresh":false,"showFog":true,"showSkybox":false,"showFlares":true,"showImageEffects":true,"showParticleSystems":true,"showVisualEffectGraphs":true,"m_FxEnabled":true},"in2DMode":false,"pivot":{"x":0.031000137329101564,"y":0.7990002632141113,"z":-0.0009999275207519532},"rotation":{"x":0.13982413709163667,"y":-0.6751335263252258,"z":0.13246683776378632,"w":0.7121700048446655},"size":1.2739028930664063,"orthographic":false}