{"cameraMode":{"drawMode":0,"name":"Shaded","section":"Shading Mode"},"sceneLighting":false,"audioPlay":false,"sceneViewState":{"m_AlwaysRefresh":false,"showFog":true,"showSkybox":false,"showFlares":true,"showImageEffects":true,"showParticleSystems":true,"showVisualEffectGraphs":true,"m_FxEnabled":true},"in2DMode":false,"pivot":{"x":0.0012151114642620087,"y":0.3185565173625946,"z":-0.14676372706890107},"rotation":{"x":-0.009843820706009865,"y":-0.7595075964927673,"z":-0.011304865591228009,"w":0.6505929827690125},"size":0.5317221879959106,"orthographic":false}